score,hand,handtype,score2
59.0,"[14, 14, 14]",3,1000000.0
58.0,"[13, 13, 13]",3,999774.0
57.0,"[12, 12, 12]",3,999593.0
56.0,"[11, 11, 11]",3,999412.0
55.0,"[10, 10, 10]",3,999231.0
54.0,"[9, 9, 9]",3,999050.0
53.0,"[8, 8, 8]",3,998869.0
52.0,"[7, 7, 7]",3,998688.0
51.0,"[6, 6, 6]",3,998507.0
50.0,"[5, 5, 5]",3,998326.0
49.0,"[4, 4, 4]",3,998145.0
48.0,"[3, 3, 3]",3,997964.0
47.0,"[2, 2, 2]",3,997783.0
29.13,"[13, 14, 14]",1,997602.0
29.12,"[12, 14, 14]",1,996516.0
29.11,"[11, 14, 14]",1,995430.0
29.1,"[10, 14, 14]",1,994344.0
29.09,"[9, 14, 14]",1,993258.0
29.08,"[8, 14, 14]",1,992172.0
29.07,"[7, 14, 14]",1,991086.0
29.06,"[6, 14, 14]",1,990000.0
29.05,"[5, 14, 14]",1,988914.0
29.04,"[4, 14, 14]",1,987828.0
29.03,"[3, 14, 14]",1,986742.0
29.02,"[2, 14, 14]",1,985656.0
28.14,"[13, 13, 14]",1,984570.0
28.12,"[12, 13, 13]",1,983484.0
28.11,"[11, 13, 13]",1,982398.0
28.1,"[10, 13, 13]",1,981312.0
28.09,"[9, 13, 13]",1,980226.0
28.08,"[8, 13, 13]",1,979140.0
28.07,"[7, 13, 13]",1,978054.0
28.06,"[6, 13, 13]",1,976968.0
28.05,"[5, 13, 13]",1,975882.0
28.04,"[4, 13, 13]",1,974796.0
28.03,"[3, 13, 13]",1,973710.0
28.02,"[2, 13, 13]",1,972624.0
27.14,"[12, 12, 14]",1,971538.0
27.13,"[12, 12, 13]",1,970452.0
27.11,"[11, 12, 12]",1,969367.0
27.1,"[10, 12, 12]",1,968281.0
27.09,"[9, 12, 12]",1,967195.0
27.08,"[8, 12, 12]",1,966109.0
27.07,"[7, 12, 12]",1,965023.0
27.06,"[6, 12, 12]",1,963937.0
27.05,"[5, 12, 12]",1,962851.0
27.04,"[4, 12, 12]",1,961765.0
27.03,"[3, 12, 12]",1,960679.0
27.02,"[2, 12, 12]",1,959593.0
26.14,"[11, 11, 14]",1,958507.0
26.13,"[11, 11, 13]",1,957421.0
26.12,"[11, 11, 12]",1,956335.0
26.1,"[10, 11, 11]",1,955249.0
26.09,"[9, 11, 11]",1,954163.0
26.08,"[8, 11, 11]",1,953077.0
26.07,"[7, 11, 11]",1,951991.0
26.06,"[6, 11, 11]",1,950905.0
26.05,"[5, 11, 11]",1,949819.0
26.04,"[4, 11, 11]",1,948733.0
26.03,"[3, 11, 11]",1,947647.0
26.02,"[2, 11, 11]",1,946561.0
25.14,"[10, 10, 14]",1,945475.0
25.13,"[10, 10, 13]",1,944389.0
25.12,"[10, 10, 12]",1,943303.0
25.11,"[10, 10, 11]",1,942217.0
25.09,"[9, 10, 10]",1,941131.0
25.08,"[8, 10, 10]",1,940045.0
25.07,"[7, 10, 10]",1,938959.0
25.06,"[6, 10, 10]",1,937873.0
25.05,"[5, 10, 10]",1,936787.0
25.04,"[4, 10, 10]",1,935701.0
25.03,"[3, 10, 10]",1,934615.0
25.02,"[2, 10, 10]",1,933529.0
24.14,"[9, 9, 14]",1,932443.0
24.13,"[9, 9, 13]",1,931357.0
24.12,"[9, 9, 12]",1,930271.0
24.11,"[9, 9, 11]",1,929186.0
24.1,"[9, 9, 10]",1,928100.0
24.08,"[8, 9, 9]",1,927014.0
24.07,"[7, 9, 9]",1,925928.0
24.06,"[6, 9, 9]",1,924842.0
24.05,"[5, 9, 9]",1,923756.0
24.04,"[4, 9, 9]",1,922670.0
24.03,"[3, 9, 9]",1,921584.0
24.02,"[2, 9, 9]",1,920498.0
23.14,"[8, 8, 14]",1,919412.0
23.13,"[8, 8, 13]",1,918326.0
23.12,"[8, 8, 12]",1,917240.0
23.11,"[8, 8, 11]",1,916154.0
23.1,"[8, 8, 10]",1,915068.0
23.09,"[8, 8, 9]",1,913982.0
23.07,"[7, 8, 8]",1,912896.0
23.06,"[6, 8, 8]",1,911810.0
23.05,"[5, 8, 8]",1,910724.0
23.04,"[4, 8, 8]",1,909638.0
23.03,"[3, 8, 8]",1,908552.0
23.02,"[2, 8, 8]",1,907466.0
22.14,"[7, 7, 14]",1,906380.0
22.13,"[7, 7, 13]",1,905294.0
22.12,"[7, 7, 12]",1,904208.0
22.11,"[7, 7, 11]",1,903122.0
22.1,"[7, 7, 10]",1,902036.0
22.09,"[7, 7, 9]",1,900950.0
22.08,"[7, 7, 8]",1,899864.0
22.06,"[6, 7, 7]",1,898778.0
22.05,"[5, 7, 7]",1,897692.0
22.04,"[4, 7, 7]",1,896606.0
22.03,"[3, 7, 7]",1,895520.0
22.02,"[2, 7, 7]",1,894434.0
21.14,"[6, 6, 14]",1,893348.0
21.13,"[6, 6, 13]",1,892262.0
21.12,"[6, 6, 12]",1,891176.0
21.11,"[6, 6, 11]",1,890090.0
21.1,"[6, 6, 10]",1,889005.0
21.09,"[6, 6, 9]",1,887919.0
21.08,"[6, 6, 8]",1,886833.0
21.07,"[6, 6, 7]",1,885747.0
21.05,"[5, 6, 6]",1,884661.0
21.04,"[4, 6, 6]",1,883575.0
21.03,"[3, 6, 6]",1,882489.0
21.02,"[2, 6, 6]",1,881403.0
20.14,"[5, 5, 14]",1,880317.0
20.13,"[5, 5, 13]",1,879231.0
20.12,"[5, 5, 12]",1,878145.0
20.11,"[5, 5, 11]",1,877059.0
20.1,"[5, 5, 10]",1,875973.0
20.09,"[5, 5, 9]",1,874887.0
20.08,"[5, 5, 8]",1,873801.0
20.07,"[5, 5, 7]",1,872715.0
20.06,"[5, 5, 6]",1,871629.0
20.04,"[4, 5, 5]",1,870543.0
20.03,"[3, 5, 5]",1,869457.0
20.02,"[2, 5, 5]",1,868371.0
19.14,"[4, 4, 14]",1,867285.0
19.13,"[4, 4, 13]",1,866199.0
19.12,"[4, 4, 12]",1,865113.0
19.11,"[4, 4, 11]",1,864027.0
19.1,"[4, 4, 10]",1,862941.0
19.09,"[4, 4, 9]",1,861855.0
19.08,"[4, 4, 8]",1,860769.0
19.07,"[4, 4, 7]",1,859683.0
19.06,"[4, 4, 6]",1,858597.0
19.05,"[4, 4, 5]",1,857511.0
19.03,"[3, 4, 4]",1,856425.0
19.02,"[2, 4, 4]",1,855339.0
18.14,"[3, 3, 14]",1,854253.0
18.13,"[3, 3, 13]",1,853167.0
18.12,"[3, 3, 12]",1,852081.0
18.11,"[3, 3, 11]",1,850995.0
18.1,"[3, 3, 10]",1,849910.0
18.09,"[3, 3, 9]",1,848824.0
18.08,"[3, 3, 8]",1,847738.0
18.07,"[3, 3, 7]",1,846652.0
18.06,"[3, 3, 6]",1,845566.0
18.05,"[3, 3, 5]",1,844480.0
18.04,"[3, 3, 4]",1,843394.0
18.02,"[2, 3, 3]",1,842308.0
17.14,"[2, 2, 14]",1,841222.0
17.13,"[2, 2, 13]",1,840136.0
17.12,"[2, 2, 12]",1,839050.0
17.11,"[2, 2, 11]",1,837964.0
17.1,"[2, 2, 10]",1,836878.0
17.09,"[2, 2, 9]",1,835792.0
17.08,"[2, 2, 8]",1,834706.0
17.07,"[2, 2, 7]",1,833620.0
17.06,"[2, 2, 6]",1,832534.0
17.05,"[2, 2, 5]",1,831448.0
17.04,"[2, 2, 4]",1,830362.0
17.03,"[2, 2, 3]",1,829276.0
14.142000000000001,"[12, 13, 14]",0,828190.0
14.141,"[11, 13, 14]",0,825294.0
14.14,"[10, 13, 14]",0,822398.0
14.139000000000001,"[9, 13, 14]",0,819502.0
14.138,"[8, 13, 14]",0,816606.0
14.137,"[7, 13, 14]",0,813710.0
14.136000000000001,"[6, 13, 14]",0,810814.0
14.135000000000002,"[5, 13, 14]",0,807919.0
14.134,"[4, 13, 14]",0,805023.0
14.133000000000001,"[3, 13, 14]",0,802127.0
14.132000000000001,"[2, 13, 14]",0,799231.0
14.130999999999998,"[11, 12, 14]",0,796335.0
14.129999999999999,"[10, 12, 14]",0,793439.0
14.129,"[9, 12, 14]",0,790543.0
14.127999999999998,"[8, 12, 14]",0,787647.0
14.126999999999999,"[7, 12, 14]",0,784751.0
14.126,"[6, 12, 14]",0,781855.0
14.125,"[5, 12, 14]",0,778959.0
14.123999999999999,"[4, 12, 14]",0,776063.0
14.123,"[3, 12, 14]",0,773167.0
14.122,"[2, 12, 14]",0,770271.0
14.12,"[10, 11, 14]",0,767376.0
14.119,"[9, 11, 14]",0,764480.0
14.117999999999999,"[8, 11, 14]",0,761584.0
14.116999999999999,"[7, 11, 14]",0,758688.0
14.116,"[6, 11, 14]",0,755792.0
14.115,"[5, 11, 14]",0,752896.0
14.113999999999999,"[4, 11, 14]",0,750000.0
14.113,"[3, 11, 14]",0,747104.0
14.112,"[2, 11, 14]",0,744208.0
14.109,"[9, 10, 14]",0,741312.0
14.107999999999999,"[8, 10, 14]",0,738416.0
14.107,"[7, 10, 14]",0,735520.0
14.106,"[6, 10, 14]",0,732624.0
14.105,"[5, 10, 14]",0,729729.0
14.104,"[4, 10, 14]",0,726833.0
14.103,"[3, 10, 14]",0,723937.0
14.102,"[2, 10, 14]",0,721041.0
14.097999999999999,"[8, 9, 14]",0,718145.0
14.097,"[7, 9, 14]",0,715249.0
14.096,"[6, 9, 14]",0,712353.0
14.095,"[5, 9, 14]",0,709457.0
14.094,"[4, 9, 14]",0,706561.0
14.093,"[3, 9, 14]",0,703665.0
14.092,"[2, 9, 14]",0,700769.0
14.087,"[7, 8, 14]",0,697873.0
14.086,"[6, 8, 14]",0,694977.0
14.085,"[5, 8, 14]",0,692081.0
14.084,"[4, 8, 14]",0,689186.0
14.083,"[3, 8, 14]",0,686290.0
14.082,"[2, 8, 14]",0,683394.0
14.076,"[6, 7, 14]",0,680498.0
14.075000000000001,"[5, 7, 14]",0,677602.0
14.074,"[4, 7, 14]",0,674706.0
14.073,"[3, 7, 14]",0,671810.0
14.072000000000001,"[2, 7, 14]",0,668914.0
14.065000000000001,"[5, 6, 14]",0,666018.0
14.064,"[4, 6, 14]",0,663122.0
14.063,"[3, 6, 14]",0,660226.0
14.062000000000001,"[2, 6, 14]",0,657330.0
14.054,"[4, 5, 14]",0,654434.0
14.053,"[3, 5, 14]",0,651538.0
14.052000000000001,"[2, 5, 14]",0,648643.0
14.043,"[3, 4, 14]",0,645747.0
14.042,"[2, 4, 14]",0,642851.0
14.032,"[2, 3, 14]",0,639955.0
13.130999999999998,"[11, 12, 13]",0,637059.0
13.129999999999999,"[10, 12, 13]",0,634163.0
13.129,"[9, 12, 13]",0,631267.0
13.127999999999998,"[8, 12, 13]",0,628371.0
13.126999999999999,"[7, 12, 13]",0,625475.0
13.126,"[6, 12, 13]",0,622579.0
13.125,"[5, 12, 13]",0,619683.0
13.123999999999999,"[4, 12, 13]",0,616787.0
13.123,"[3, 12, 13]",0,613891.0
13.122,"[2, 12, 13]",0,610995.0
13.12,"[10, 11, 13]",0,608100.0
13.119,"[9, 11, 13]",0,605204.0
13.117999999999999,"[8, 11, 13]",0,602308.0
13.116999999999999,"[7, 11, 13]",0,599412.0
13.116,"[6, 11, 13]",0,596516.0
13.115,"[5, 11, 13]",0,593620.0
13.113999999999999,"[4, 11, 13]",0,590724.0
13.113,"[3, 11, 13]",0,587828.0
13.112,"[2, 11, 13]",0,584932.0
13.109,"[9, 10, 13]",0,582036.0
13.107999999999999,"[8, 10, 13]",0,579140.0
13.107,"[7, 10, 13]",0,576244.0
13.106,"[6, 10, 13]",0,573348.0
13.105,"[5, 10, 13]",0,570452.0
13.104,"[4, 10, 13]",0,567557.0
13.103,"[3, 10, 13]",0,564661.0
13.102,"[2, 10, 13]",0,561765.0
13.097999999999999,"[8, 9, 13]",0,558869.0
13.097,"[7, 9, 13]",0,555973.0
13.096,"[6, 9, 13]",0,553077.0
13.095,"[5, 9, 13]",0,550181.0
13.094,"[4, 9, 13]",0,547285.0
13.093,"[3, 9, 13]",0,544389.0
13.092,"[2, 9, 13]",0,541493.0
13.087,"[7, 8, 13]",0,538597.0
13.086,"[6, 8, 13]",0,535701.0
13.085,"[5, 8, 13]",0,532805.0
13.084,"[4, 8, 13]",0,529910.0
13.083,"[3, 8, 13]",0,527014.0
13.082,"[2, 8, 13]",0,524118.0
13.076,"[6, 7, 13]",0,521222.0
13.075000000000001,"[5, 7, 13]",0,518326.0
13.074,"[4, 7, 13]",0,515430.0
13.073,"[3, 7, 13]",0,512534.0
13.072000000000001,"[2, 7, 13]",0,509638.0
13.065000000000001,"[5, 6, 13]",0,506742.0
13.064,"[4, 6, 13]",0,503846.0
13.063,"[3, 6, 13]",0,500950.0
13.062000000000001,"[2, 6, 13]",0,498054.0
13.054,"[4, 5, 13]",0,495158.0
13.053,"[3, 5, 13]",0,492262.0
13.052000000000001,"[2, 5, 13]",0,489367.0
13.043,"[3, 4, 13]",0,486471.0
13.042,"[2, 4, 13]",0,483575.0
13.032,"[2, 3, 13]",0,480679.0
12.12,"[10, 11, 12]",0,477783.0
12.119,"[9, 11, 12]",0,474887.0
12.117999999999999,"[8, 11, 12]",0,471991.0
12.116999999999999,"[7, 11, 12]",0,469095.0
12.116,"[6, 11, 12]",0,466199.0
12.115,"[5, 11, 12]",0,463303.0
12.113999999999999,"[4, 11, 12]",0,460407.0
12.113,"[3, 11, 12]",0,457511.0
12.112,"[2, 11, 12]",0,454615.0
12.109,"[9, 10, 12]",0,451719.0
12.107999999999999,"[8, 10, 12]",0,448824.0
12.107,"[7, 10, 12]",0,445928.0
12.106,"[6, 10, 12]",0,443032.0
12.105,"[5, 10, 12]",0,440136.0
12.104,"[4, 10, 12]",0,437240.0
12.103,"[3, 10, 12]",0,434344.0
12.102,"[2, 10, 12]",0,431448.0
12.097999999999999,"[8, 9, 12]",0,428552.0
12.097,"[7, 9, 12]",0,425656.0
12.096,"[6, 9, 12]",0,422760.0
12.095,"[5, 9, 12]",0,419864.0
12.094,"[4, 9, 12]",0,416968.0
12.093,"[3, 9, 12]",0,414072.0
12.092,"[2, 9, 12]",0,411176.0
12.087,"[7, 8, 12]",0,408281.0
12.086,"[6, 8, 12]",0,405385.0
12.085,"[5, 8, 12]",0,402489.0
12.084,"[4, 8, 12]",0,399593.0
12.083,"[3, 8, 12]",0,396697.0
12.082,"[2, 8, 12]",0,393801.0
12.076,"[6, 7, 12]",0,390905.0
12.075000000000001,"[5, 7, 12]",0,388009.0
12.074,"[4, 7, 12]",0,385113.0
12.073,"[3, 7, 12]",0,382217.0
12.072000000000001,"[2, 7, 12]",0,379321.0
12.065000000000001,"[5, 6, 12]",0,376425.0
12.064,"[4, 6, 12]",0,373529.0
12.063,"[3, 6, 12]",0,370633.0
12.062000000000001,"[2, 6, 12]",0,367738.0
12.054,"[4, 5, 12]",0,364842.0
12.053,"[3, 5, 12]",0,361946.0
12.052000000000001,"[2, 5, 12]",0,359050.0
12.043,"[3, 4, 12]",0,356154.0
12.042,"[2, 4, 12]",0,353258.0
12.032,"[2, 3, 12]",0,350362.0
11.109,"[9, 10, 11]",0,347466.0
11.107999999999999,"[8, 10, 11]",0,344570.0
11.107,"[7, 10, 11]",0,341674.0
11.106,"[6, 10, 11]",0,338778.0
11.105,"[5, 10, 11]",0,335882.0
11.104,"[4, 10, 11]",0,332986.0
11.103,"[3, 10, 11]",0,330090.0
11.102,"[2, 10, 11]",0,327195.0
11.097999999999999,"[8, 9, 11]",0,324299.0
11.097,"[7, 9, 11]",0,321403.0
11.096,"[6, 9, 11]",0,318507.0
11.095,"[5, 9, 11]",0,315611.0
11.094,"[4, 9, 11]",0,312715.0
11.093,"[3, 9, 11]",0,309819.0
11.092,"[2, 9, 11]",0,306923.0
11.087,"[7, 8, 11]",0,304027.0
11.086,"[6, 8, 11]",0,301131.0
11.085,"[5, 8, 11]",0,298235.0
11.084,"[4, 8, 11]",0,295339.0
11.083,"[3, 8, 11]",0,292443.0
11.082,"[2, 8, 11]",0,289548.0
11.076,"[6, 7, 11]",0,286652.0
11.075000000000001,"[5, 7, 11]",0,283756.0
11.074,"[4, 7, 11]",0,280860.0
11.073,"[3, 7, 11]",0,277964.0
11.072000000000001,"[2, 7, 11]",0,275068.0
11.065000000000001,"[5, 6, 11]",0,272172.0
11.064,"[4, 6, 11]",0,269276.0
11.063,"[3, 6, 11]",0,266380.0
11.062000000000001,"[2, 6, 11]",0,263484.0
11.054,"[4, 5, 11]",0,260588.0
11.053,"[3, 5, 11]",0,257692.0
11.052000000000001,"[2, 5, 11]",0,254796.0
11.043,"[3, 4, 11]",0,251900.0
11.042,"[2, 4, 11]",0,249005.0
11.032,"[2, 3, 11]",0,246109.0
10.097999999999999,"[8, 9, 10]",0,243213.0
10.097,"[7, 9, 10]",0,240317.0
10.096,"[6, 9, 10]",0,237421.0
10.095,"[5, 9, 10]",0,234525.0
10.094,"[4, 9, 10]",0,231629.0
10.093,"[3, 9, 10]",0,228733.0
10.092,"[2, 9, 10]",0,225837.0
10.087,"[7, 8, 10]",0,222941.0
10.086,"[6, 8, 10]",0,220045.0
10.085,"[5, 8, 10]",0,217149.0
10.084,"[4, 8, 10]",0,214253.0
10.083,"[3, 8, 10]",0,211357.0
10.082,"[2, 8, 10]",0,208462.0
10.076,"[6, 7, 10]",0,205566.0
10.075000000000001,"[5, 7, 10]",0,202670.0
10.074,"[4, 7, 10]",0,199774.0
10.073,"[3, 7, 10]",0,196878.0
10.072000000000001,"[2, 7, 10]",0,193982.0
10.065000000000001,"[5, 6, 10]",0,191086.0
10.064,"[4, 6, 10]",0,188190.0
10.063,"[3, 6, 10]",0,185294.0
10.062000000000001,"[2, 6, 10]",0,182398.0
10.054,"[4, 5, 10]",0,179502.0
10.053,"[3, 5, 10]",0,176606.0
10.052000000000001,"[2, 5, 10]",0,173710.0
10.043,"[3, 4, 10]",0,170814.0
10.042,"[2, 4, 10]",0,167919.0
10.032,"[2, 3, 10]",0,165023.0
9.087,"[7, 8, 9]",0,162127.0
9.086,"[6, 8, 9]",0,159231.0
9.085,"[5, 8, 9]",0,156335.0
9.084,"[4, 8, 9]",0,153439.0
9.083,"[3, 8, 9]",0,150543.0
9.082,"[2, 8, 9]",0,147647.0
9.076,"[6, 7, 9]",0,144751.0
9.075000000000001,"[5, 7, 9]",0,141855.0
9.074,"[4, 7, 9]",0,138959.0
9.073,"[3, 7, 9]",0,136063.0
9.072000000000001,"[2, 7, 9]",0,133167.0
9.065000000000001,"[5, 6, 9]",0,130271.0
9.064,"[4, 6, 9]",0,127376.0
9.063,"[3, 6, 9]",0,124480.0
9.062000000000001,"[2, 6, 9]",0,121584.0
9.054,"[4, 5, 9]",0,118688.0
9.053,"[3, 5, 9]",0,115792.0
9.052000000000001,"[2, 5, 9]",0,112896.0
9.043,"[3, 4, 9]",0,110000.0
9.042,"[2, 4, 9]",0,107104.0
9.032,"[2, 3, 9]",0,104208.0
8.076,"[6, 7, 8]",0,101312.0
8.075000000000001,"[5, 7, 8]",0,98416.0
8.074,"[4, 7, 8]",0,95520.0
8.073,"[3, 7, 8]",0,92624.0
8.072000000000001,"[2, 7, 8]",0,89729.0
8.065000000000001,"[5, 6, 8]",0,86833.0
8.064,"[4, 6, 8]",0,83937.0
8.063,"[3, 6, 8]",0,81041.0
8.062000000000001,"[2, 6, 8]",0,78145.0
8.054,"[4, 5, 8]",0,75249.0
8.053,"[3, 5, 8]",0,72353.0
8.052000000000001,"[2, 5, 8]",0,69457.0
8.043,"[3, 4, 8]",0,66561.0
8.042,"[2, 4, 8]",0,63665.0
8.032,"[2, 3, 8]",0,60769.0
7.0649999999999995,"[5, 6, 7]",0,57873.0
7.063999999999999,"[4, 6, 7]",0,54977.0
7.063,"[3, 6, 7]",0,52081.0
7.061999999999999,"[2, 6, 7]",0,49186.0
7.053999999999999,"[4, 5, 7]",0,46290.0
7.053,"[3, 5, 7]",0,43394.0
7.052,"[2, 5, 7]",0,40498.0
7.043,"[3, 4, 7]",0,37602.0
7.042,"[2, 4, 7]",0,34706.0
7.032,"[2, 3, 7]",0,31810.0
6.053999999999999,"[4, 5, 6]",0,28914.0
6.053,"[3, 5, 6]",0,26018.0
6.052,"[2, 5, 6]",0,23122.0
6.043,"[3, 4, 6]",0,20226.0
6.042,"[2, 4, 6]",0,17330.0
6.032,"[2, 3, 6]",0,14434.0
5.043,"[3, 4, 5]",0,11538.0
5.042,"[2, 4, 5]",0,8643.0
5.032,"[2, 3, 5]",0,5747.0
4.032,"[2, 3, 4]",0,2851.0
